<filetype binary="false" default_extension="mlog" description="mlog code" name="mlog">
  <highlighting>
    <options>
      <option name="LINE_COMMENT" value="#" />
      <option name="COMMENT_START" value="" />
      <option name="COMMENT_END" value="" />
      <option name="HEX_PREFIX" value="0x" />
      <option name="NUM_POSTFIXES" value="" />
    </options>
    <keywords keywords="noop;read;write;draw;print;printchar;format;drawflush;printflush;getlink;control;radar;sensor;set;op;select;lookup;packcolor;unpackcolor;wait;stop;end;jump;ubind;ucontrol;uradar;ulocate;getblock;setblock;spawn;status;weathersense;weatherset;spawnwave;setrule;message;cutscene;effect;explosion;setrate;fetch;sync;getflag;setflag;setprop;playsound;setmarker;makemarker;localeprint" ignore_case="false" />
    <keywords2 keywords="@additive-reconstructor;@advanced-launch-pad;@aegires;@afflict;@air;@air-factory;@alpha;@ammo;@ammoCapacity;@anthicus;@anthicus-missile;@antumbra;@arc;@arkycite;@arkycite-floor;@arkyic-boulder;@arkyic-stone;@arkyic-vent;@arkyic-wall;@arkyid;@armor;@armored-conveyor;@armored-duct;@assembly-drone;@atmospheric-concentrator;@atrax;@avert;@basalt;@basalt-boulder;@basalt-vent;@basic-assembler-module;@battery;@battery-large;@beam-link;@beam-node;@beam-tower;@beryllic-boulder;@beryllic-stone;@beryllic-stone-wall;@beryllium;@beryllium-wall;@beryllium-wall-large;@beta;@blast-compound;@blast-door;@blast-drill;@blast-mixer;@blockCount;@blue;@bluemat;@boosting;@bottom;@bottomLeft;@bottomRight;@boulder;@breach;@bridge-conduit;@bridge-conveyor;@bryde;@bufferSize;@build-tower;@build1;@build10;@build11;@build12;@build13;@build14;@build15;@build16;@build2;@build3;@build4;@build5;@build6;@build7;@build8;@build9;@cameraHeight;@cameraWidth;@cameraX;@cameraY;@canvas;@carbide;@carbide-crucible;@carbide-wall;@carbide-wall-large;@carbon-boulder;@carbon-stone;@carbon-vent;@carbon-wall;@center;@char;@character-overlay;@character-overlay-white;@chemical-combustion-chamber;@cleroi;@client;@clientLocale;@clientMobile;@clientName;@clientTeam;@clientUnit;@cliff;@cliff-crusher;@coal;@coal-centrifuge;@collaris;@color;@colorAccent;@colorAcid;@colorBlack;@colorBlue;@colorBrick;@colorBrown;@colorClear;@colorCoral;@colorCrimson;@colorCyan;@colorDarkgray;@colorDarkgrey;@colorForest;@colorGold;@colorGoldenrod;@colorGray;@colorGreen;@colorGrey;@colorHighlight;@colorLightgray;@colorLightgrey;@colorLime;@colorMagenta;@colorMaroon;@colorNavy;@colorNegstat;@colorOlive;@colorOrange;@colorPink;@colorPurple;@colorRed;@colorRoyal;@colorSalmon;@colorScarlet;@colorSky;@colorSlate;@colorStat;@colorTan;@colorTeal;@colorUnlaunched;@colorViolet;@colorWhite;@colorYellow;@colored-floor;@colored-wall;@combustion-generator;@conduit;@config;@conquer;@constructor;@container;@controlled;@controller;@conveyor;@copper;@copper-wall;@copper-wall-large;@core-acropolis;@core-bastion;@core-citadel;@core-foundation;@core-nucleus;@core-shard;@core-zone;@corvus;@counter;@crater-stone;@crawler;@crux;@cryofluid;@cryofluid-mixer;@crystal-blocks;@crystal-cluster;@crystal-floor;@crystal-orbs;@crystalline-boulder;@crystalline-stone;@crystalline-stone-wall;@crystalline-vent;@ctrlCommand;@ctrlPlayer;@ctrlProcessor;@cultivator;@currentAmmoType;@cyanogen;@cyanogen-synthesizer;@cyclone;@cyerce;@dacite;@dacite-boulder;@dacite-wall;@dagger;@dark-metal;@dark-panel-1;@dark-panel-2;@dark-panel-3;@dark-panel-4;@dark-panel-5;@dark-panel-6;@darksand;@darksand-tainted-water;@darksand-water;@dead;@deconstructor;@deep-tainted-water;@deep-water;@degToRad;@dense-red-stone;@derelict;@differential-generator;@diffuse;@diode;@dirt;@dirt-wall;@disassembler;@disperse;@displayHeight;@displayWidth;@disrupt;@disrupt-missile;@distributor;@door;@door-large;@dormant-cyst;@duct;@duct-bridge;@duct-router;@duct-unloader;@dune-wall;@duo;@e;@eclipse;@efficiency;@electric-heater;@electrolyzer;@elude;@emanate;@empty;@enabled;@eruption-drill;@evoke;@exponential-reconstructor;@ferric-boulder;@ferric-craters;@ferric-stone;@ferric-stone-wall;@firstItem;@fissile-matter;@flag;@flare;@flux-reactor;@fog;@force-projector;@foreshadow;@fortress;@fuse;@gallium;@gamma;@graphite;@graphite-press;@graphitic-wall;@grass;@green;@ground-factory;@hail;@health;@heat;@heat-reactor;@heat-redirector;@heat-router;@heat-source;@horizon;@hotrock;@hydrogen;@hyper-processor;@ice;@ice-snow;@ice-wall;@id;@illuminator;@impact-drill;@impact-reactor;@impulse-pump;@incinerator;@incite;@interplanetary-accelerator;@inverted-sorter;@item-source;@item-void;@itemCapacity;@itemCount;@junction;@kiln;@lancer;@landing-pad;@large-cliff-crusher;@large-constructor;@large-logic-display;@large-payload-mass-driver;@large-plasma-bore;@large-shield-projector;@laser-drill;@latum;@launch-pad;@lead;@left;@links;@liquid-container;@liquid-junction;@liquid-router;@liquid-source;@liquid-tank;@liquid-void;@liquidCapacity;@liquidCount;@locus;@logic-display;@logic-processor;@lustre;@mace;@magmarock;@malign;@malis;@manifold;@maph;@mapw;@mass-driver;@maxHealth;@maxUnits;@mech-assembler;@mech-fabricator;@mech-refabricator;@mechanical-drill;@mechanical-pump;@mega;@meltdown;@melter;@memory-bank;@memory-cell;@memoryCapacity;@mend-projector;@mender;@merui;@message;@metaglass;@metal-floor;@metal-floor-2;@metal-floor-3;@metal-floor-4;@metal-floor-5;@metal-floor-damaged;@metal-tiles-1;@metal-tiles-10;@metal-tiles-11;@metal-tiles-12;@metal-tiles-13;@metal-tiles-2;@metal-tiles-3;@metal-tiles-4;@metal-tiles-5;@metal-tiles-6;@metal-tiles-7;@metal-tiles-8;@metal-tiles-9;@metal-wall-1;@metal-wall-2;@metal-wall-3;@micro-processor;@mineX;@mineY;@mining;@minke;@minute;@molten-slag;@mono;@moss;@mud;@multi-press;@multiplicative-reconstructor;@name;@naval-factory;@navanax;@neoplasia-reactor;@neoplasm;@nitrogen;@nova;@obviate;@oct;@oil;@oil-extractor;@omura;@operations;@ore-beryllium;@ore-coal;@ore-copper;@ore-crystal-thorium;@ore-lead;@ore-scrap;@ore-thorium;@ore-titanium;@ore-tungsten;@ore-wall-beryllium;@ore-wall-graphite;@ore-wall-thorium;@ore-wall-tungsten;@overdrive-dome;@overdrive-projector;@overflow-duct;@overflow-gate;@oxidation-chamber;@oxide;@oxynoe;@ozone;@parallax;@payload-conveyor;@payload-loader;@payload-mass-driver;@payload-router;@payload-source;@payload-unloader;@payload-void;@payloadCapacity;@payloadCount;@payloadType;@pebbles;@phase-conduit;@phase-conveyor;@phase-fabric;@phase-heater;@phase-synthesizer;@phase-wall;@phase-wall-large;@phase-weaver;@pi;@pine;@plasma-bore;@plastanium;@plastanium-compressor;@plastanium-conveyor;@plastanium-wall;@plastanium-wall-large;@plated-conduit;@pneumatic-drill;@poly;@pooled-cryofluid;@power-node;@power-node-large;@power-source;@power-void;@powerCapacity;@powerNetCapacity;@powerNetIn;@powerNetOut;@powerNetStored;@precept;@prime-refabricator;@progress;@pulsar;@pulse-conduit;@pulverizer;@pur-bush;@pyratite;@pyratite-mixer;@pyrolysis-generator;@quad;@quasar;@quell;@quell-missile;@radToDeg;@radar;@rain;@range;@red-diamond-wall;@red-ice;@red-ice-boulder;@red-ice-wall;@red-stone;@red-stone-boulder;@red-stone-vent;@red-stone-wall;@redmat;@redweed;@regen-projector;@regolith;@regolith-wall;@reign;@reinforced-bridge-conduit;@reinforced-conduit;@reinforced-container;@reinforced-liquid-container;@reinforced-liquid-junction;@reinforced-liquid-router;@reinforced-liquid-tank;@reinforced-message;@reinforced-payload-conveyor;@reinforced-payload-router;@reinforced-pump;@reinforced-surge-wall;@reinforced-surge-wall-large;@reinforced-vault;@remove-ore;@remove-wall;@renale;@repair-point;@repair-turret;@retusa;@rhyolite;@rhyolite-boulder;@rhyolite-crater;@rhyolite-vent;@rhyolite-wall;@right;@ripple;@risso;@rotary-pump;@rotation;@rough-rhyolite;@router;@rtg-generator;@rune-overlay;@rune-overlay-crux;@salt;@salt-wall;@salvo;@sand;@sand-boulder;@sand-floor;@sand-wall;@sand-water;@sandstorm;@scathe;@scathe-missile;@scathe-missile-phase;@scathe-missile-surge;@scathe-missile-surge-split;@scatter;@scepter;@scorch;@scrap;@scrap-wall;@scrap-wall-gigantic;@scrap-wall-huge;@scrap-wall-large;@second;@segment;@sei;@separator;@server;@sfx-acceleratorCharge;@sfx-acceleratorConstruct;@sfx-acceleratorLaunch;@sfx-acceleratorLightning1;@sfx-acceleratorLightning2;@sfx-beamHeal;@sfx-beamLustre;@sfx-beamMeltdown;@sfx-beamParallax;@sfx-beamPlasma;@sfx-beamPlasmaSmall;@sfx-blockBreak1;@sfx-blockBreak2;@sfx-blockBreak3;@sfx-blockExplode1;@sfx-blockExplode1Alt;@sfx-blockExplode2;@sfx-blockExplode2Alt;@sfx-blockExplode3;@sfx-blockExplodeElectric;@sfx-blockExplodeElectricBig;@sfx-blockExplodeExplosive;@sfx-blockExplodeExplosiveAlt;@sfx-blockExplodeFlammable;@sfx-blockExplodeWall;@sfx-blockHeal;@sfx-blockPlace1;@sfx-blockPlace2;@sfx-blockPlace3;@sfx-blockRepair;@sfx-blockRotate;@sfx-chargeCorvus;@sfx-chargeLancer;@sfx-chargeVela;@sfx-click;@sfx-coreLand;@sfx-coreLaunch;@sfx-door;@sfx-drillCharge;@sfx-drillImpact;@sfx-explosion;@sfx-explosionAfflict;@sfx-explosionArtillery;@sfx-explosionArtilleryShock;@sfx-explosionArtilleryShockBig;@sfx-explosionCleroi;@sfx-explosionCore;@sfx-explosionCrawler;@sfx-explosionDull;@sfx-explosionMissile;@sfx-explosionNavanax;@sfx-explosionObviate;@sfx-explosionPlasmaSmall;@sfx-explosionQuad;@sfx-explosionReactor;@sfx-explosionReactor2;@sfx-explosionReactorNeoplasm;@sfx-explosionTitan;@sfx-healWave;@sfx-loopBio;@sfx-loopBuild;@sfx-loopCircuit;@sfx-loopCombustion;@sfx-loopConveyor;@sfx-loopCultivator;@sfx-loopCutter;@sfx-loopDifferential;@sfx-loopDrill;@sfx-loopElectricHum;@sfx-loopExtract;@sfx-loopFire;@sfx-loopFlux;@sfx-loopGlow;@sfx-loopGrind;@sfx-loopHover;@sfx-loopHover2;@sfx-loopHum;@sfx-loopMachine;@sfx-loopMachine2;@sfx-loopMachineSpin;@sfx-loopMalign;@sfx-loopMineBeam;@sfx-loopMissileTrail;@sfx-loopPulse;@sfx-loopRegen;@sfx-loopShield;@sfx-loopSmelter;@sfx-loopSpray;@sfx-loopSteam;@sfx-loopTech;@sfx-loopThoriumReactor;@sfx-loopThruster;@sfx-loopUnitBuilding;@sfx-massdriver;@sfx-massdriverReceive;@sfx-mechStep;@sfx-mechStepHeavy;@sfx-mechStepSmall;@sfx-padLand;@sfx-padLaunch;@sfx-plantBreak;@sfx-rain;@sfx-rockBreak;@sfx-shieldBreak;@sfx-shieldBreakSmall;@sfx-shieldHit;@sfx-shieldWave;@sfx-shipMove;@sfx-shipMoveBig;@sfx-shockBullet;@sfx-shockwaveTower;@sfx-shoot;@sfx-shootAfflict;@sfx-shootAlpha;@sfx-shootArc;@sfx-shootArtillery;@sfx-shootArtillerySap;@sfx-shootArtillerySapBig;@sfx-shootArtillerySmall;@sfx-shootAtrax;@sfx-shootAvert;@sfx-shootBeamPlasma;@sfx-shootBeamPlasmaSmall;@sfx-shootBreach;@sfx-shootBreachCarbide;@sfx-shootCleroi;@sfx-shootCollaris;@sfx-shootConquer;@sfx-shootCorvus;@sfx-shootCyclone;@sfx-shootDiffuse;@sfx-shootDisperse;@sfx-shootDuo;@sfx-shootEclipse;@sfx-shootElude;@sfx-shootEnergyField;@sfx-shootFlame;@sfx-shootFlamePlasma;@sfx-shootForeshadow;@sfx-shootFuse;@sfx-shootHorizon;@sfx-shootLancer;@sfx-shootLaser;@sfx-shootLocus;@sfx-shootMalign;@sfx-shootMeltdown;@sfx-shootMerui;@sfx-shootMissile;@sfx-shootMissileLarge;@sfx-shootMissileLong;@sfx-shootMissilePlasma;@sfx-shootMissilePlasmaShort;@sfx-shootMissileShort;@sfx-shootMissileSmall;@sfx-shootNavanax;@sfx-shootOmura;@sfx-shootPayload;@sfx-shootPulsar;@sfx-shootQuad;@sfx-shootReign;@sfx-shootRetusa;@sfx-shootRipple;@sfx-shootSalvo;@sfx-shootSap;@sfx-shootScathe;@sfx-shootScatter;@sfx-shootScepter;@sfx-shootScepterSecondary;@sfx-shootSegment;@sfx-shootSmite;@sfx-shootSpectre;@sfx-shootStell;@sfx-shootSublimate;@sfx-shootTank;@sfx-shootToxopidShotgun;@sfx-stepMud;@sfx-stepWater;@sfx-tankMove;@sfx-tankMoveHeavy;@sfx-tankMoveSmall;@sfx-uiBack;@sfx-uiButton;@sfx-uiChat;@sfx-uiFavorite;@sfx-uiNotify;@sfx-uiUnlock;@sfx-unitCreate;@sfx-unitCreateBig;@sfx-unitExplode1;@sfx-unitExplode2;@sfx-unitExplode3;@sfx-walkerStep;@sfx-walkerStepSmall;@sfx-walkerStepTiny;@sfx-waveSpawn;@sfx-wind;@sfx-wind2;@sfx-wind3;@sfx-windHowl;@sfx-wreckFall;@sfx-wreckFallBig;@shale;@shale-boulder;@shale-wall;@shallow-water;@sharded;@shield;@shield-projector;@shielded-wall;@ship-assembler;@ship-fabricator;@ship-refabricator;@shock-mine;@shockwave-tower;@shoot;@shootX;@shootY;@shooting;@shootp;@shrubs;@silicon;@silicon-arc-furnace;@silicon-crucible;@silicon-smelter;@size;@slag;@slag-centrifuge;@slag-heater;@slag-incinerator;@small-deconstructor;@small-heat-redirector;@smite;@snow;@snow-boulder;@snow-pine;@snow-wall;@snowing;@solar-panel;@solar-panel-large;@solid;@sorter;@space;@spawn;@spectre;@speed;@spiroct;@spore-cluster;@spore-moss;@spore-pine;@spore-pod;@spore-press;@spore-wall;@sporestorm;@steam-generator;@stell;@stone;@stone-vent;@stone-wall;@sublimate;@surge-alloy;@surge-conveyor;@surge-crucible;@surge-router;@surge-smelter;@surge-tower;@surge-wall;@surge-wall-large;@suspend-particles;@swarmer;@switch;@tainted-water;@tank-assembler;@tank-fabricator;@tank-refabricator;@tar;@team;@tecta;@tendrils;@tetrative-reconstructor;@thermal-generator;@this;@thisx;@thisy;@thorium;@thorium-reactor;@thorium-wall;@thorium-wall-large;@thruster;@tick;@tile-logic-display;@time;@timescale;@titan;@titanium;@titanium-conveyor;@titanium-wall;@titanium-wall-large;@top;@topLeft;@topRight;@totalItems;@totalLiquids;@totalPayload;@totalPower;@toxopid;@tsunami;@tungsten;@tungsten-wall;@tungsten-wall-large;@turbine-condenser;@type;@underflow-duct;@underflow-gate;@unit;@unit-cargo-loader;@unit-cargo-unload-point;@unit-repair-tower;@unitCount;@unloader;@vanquish;@vault;@vela;@velocityX;@velocityY;@vent-condenser;@vibrant-crystal-cluster;@wait;@water;@water-extractor;@wave;@waveNumber;@waveTime;@white-tree;@white-tree-dead;@world-cell;@world-message;@world-processor;@world-switch;@x;@y;@yellow-stone;@yellow-stone-boulder;@yellow-stone-plates;@yellow-stone-vent;@yellow-stone-wall;@yellowcoral;@zenith" ignore_case="false" />
    <keywords3 keywords="ally;ambientLight;announce;any;arc;armor;attackMode;attacker;autoscale;ban;battery;blasted;block;blockDamage;blockFall;blockHealth;boss;breakBlock;breakProp;bubble;build;buildCount;buildSpeed;building;burning;canGameOver;color;colori;core;coreCount;corroded;cross;crossExplosion;currentWaveTime;damaged;distance;dragMultiplier;drawLayer;drill;drillBig;dropZoneRadius;electrified;endPos;enemy;enemyCoreBuildRadius;explosion;factory;false;floor;flushText;flying;fontSize;freezing;generator;ground;health;hit;hitSquare;item;labelFlags;lightBlock;lighting;line;lineAlign;liquid;mapArea;maxHealth;melting;minimap;mission;muddy;notify;ore;outline;overclock;overdrive;pan;placeBlock;placeBlockSpark;player;playerCount;point;pos;posi;quad;radius;rally;reactor;remove;repair;resupply;rotation;rtsMinSquad;rtsMinWeight;sapped;shape;shapeText;shield;shocked;shootBig;shootSmall;smokeBig;smokeCloud;smokeColor;smokePuff;smokeSmall;smokeSquare;smokeSquareBig;solarMultiplier;spark;sparkBig;sparkExplosion;sparkShoot;sparkShootBig;spawn;spore-slowed;stop;storage;stroke;tarred;team;text;textAlign;textHeight;texture;textureSize;toast;trail;true;turret;unban;unit;unitBuildSpeed;unitCap;unitCost;unitCount;unitDamage;unitHealth;unitMineSpeed;unmoving;uvi;vapor;warn;wave;waveSending;waveSpacing;waveTimer;waves;wet;world;zoom" ignore_case="false" />
  </highlighting>
  <extensionMap>
    <mapping ext="mlog" />
  </extensionMap>
</filetype>