<filetype binary="false" default_extension="mlog" description="mlog code" name="mlog">
  <highlighting>
    <options>
      <option name="LINE_COMMENT" value="#" />
      <option name="COMMENT_START" value="" />
      <option name="COMMENT_END" value="" />
      <option name="HEX_PREFIX" value="0x" />
      <option name="NUM_POSTFIXES" value="" />
    </options>
    <keywords keywords="read;write;draw;print;printchar;format;drawflush;printflush;getlink;control;radar;sensor;set;op;lookup;packcolor;wait;stop;end;jump;ubind;ucontrol;uradar;ulocate;getblock;setblock;spawn;status;weathersense;weatherset;spawnwave;setrule;message;cutscene;effect;explosion;setrate;fetch;sync;getflag;setflag;setprop;playsound;setmarker;makemarker;localeprint" ignore_case="false" />
    <keywords2 keywords="@additive-reconstructor;@advanced-launch-pad;@aegires;@afflict;@air;@air-factory;@alpha;@ammo;@ammoCapacity;@anthicus;@anthicus-missile;@antumbra;@arc;@arkycite;@arkycite-floor;@arkyic-boulder;@arkyic-stone;@arkyic-vent;@arkyic-wall;@arkyid;@armor;@armored-conveyor;@armored-duct;@assembly-drone;@atmospheric-concentrator;@atrax;@avert;@basalt;@basalt-boulder;@basic-assembler-module;@battery;@battery-large;@beam-link;@beam-node;@beam-tower;@beryllic-boulder;@beryllic-stone;@beryllic-stone-wall;@beryllium;@beryllium-wall;@beryllium-wall-large;@beta;@blast-compound;@blast-door;@blast-drill;@blast-mixer;@blockCount;@blue;@bluemat;@boosting;@boulder;@breach;@bridge-conduit;@bridge-conveyor;@bryde;@build-tower;@build1;@build10;@build11;@build12;@build13;@build14;@build15;@build16;@build2;@build3;@build4;@build5;@build6;@build7;@build8;@build9;@cameraHeight;@cameraWidth;@cameraX;@cameraY;@canvas;@carbide;@carbide-crucible;@carbide-wall;@carbide-wall-large;@carbon-boulder;@carbon-stone;@carbon-vent;@carbon-wall;@char;@chemical-combustion-chamber;@cleroi;@client;@clientLocale;@clientMobile;@clientName;@clientTeam;@clientUnit;@cliff;@cliff-crusher;@coal;@coal-centrifuge;@collaris;@color;@colorAccent;@colorAcid;@colorBlack;@colorBlue;@colorBrick;@colorBrown;@colorClear;@colorCoral;@colorCrimson;@colorCyan;@colorDarkgray;@colorDarkgrey;@colorForest;@colorGold;@colorGoldenrod;@colorGray;@colorGreen;@colorGrey;@colorHighlight;@colorLightgray;@colorLightgrey;@colorLime;@colorMagenta;@colorMaroon;@colorNavy;@colorNegstat;@colorOlive;@colorOrange;@colorPink;@colorPurple;@colorRed;@colorRoyal;@colorSalmon;@colorScarlet;@colorSky;@colorSlate;@colorStat;@colorTan;@colorTeal;@colorUnlaunched;@colorViolet;@colorWhite;@colorYellow;@combustion-generator;@conduit;@config;@configure;@conquer;@constructor;@container;@controlled;@controller;@conveyor;@copper;@copper-wall;@copper-wall-large;@core-acropolis;@core-bastion;@core-citadel;@core-foundation;@core-nucleus;@core-shard;@core-zone;@corvus;@counter;@crater-stone;@crawler;@crux;@cryofluid;@cryofluid-mixer;@crystal-blocks;@crystal-cluster;@crystal-floor;@crystal-orbs;@crystalline-boulder;@crystalline-stone;@crystalline-stone-wall;@crystalline-vent;@ctrlCommand;@ctrlPlayer;@ctrlProcessor;@cultivator;@currentAmmoType;@cyanogen;@cyanogen-synthesizer;@cyclone;@cyerce;@dacite;@dacite-boulder;@dacite-wall;@dagger;@dark-metal;@dark-panel-1;@dark-panel-2;@dark-panel-3;@dark-panel-4;@dark-panel-5;@dark-panel-6;@darksand;@darksand-tainted-water;@darksand-water;@dead;@deconstructor;@deep-tainted-water;@deep-water;@degToRad;@dense-red-stone;@derelict;@differential-generator;@diffuse;@diode;@dirt;@dirt-wall;@disassembler;@disperse;@disrupt;@disrupt-missile;@distributor;@door;@door-large;@dormant-cyst;@duct;@duct-bridge;@duct-router;@duct-unloader;@dune-wall;@duo;@e;@eclipse;@efficiency;@electric-heater;@electrolyzer;@elude;@emanate;@empty;@enabled;@eruption-drill;@evoke;@exponential-reconstructor;@ferric-boulder;@ferric-craters;@ferric-stone;@ferric-stone-wall;@firstItem;@fissile-matter;@flag;@flare;@flux-reactor;@fog;@force-projector;@foreshadow;@fortress;@fuse;@gallium;@gamma;@graphite;@graphite-press;@graphitic-wall;@grass;@green;@ground-factory;@hail;@health;@heat;@heat-reactor;@heat-redirector;@heat-router;@heat-source;@horizon;@hotrock;@hydrogen;@hyper-processor;@ice;@ice-snow;@ice-wall;@id;@illuminator;@impact-drill;@impact-reactor;@impulse-pump;@incinerator;@incite;@interplanetary-accelerator;@inverted-sorter;@item-source;@item-void;@itemCapacity;@itemCount;@junction;@kiln;@lancer;@landing-pad;@large-cliff-crusher;@large-constructor;@large-logic-display;@large-payload-mass-driver;@large-plasma-bore;@large-shield-projector;@laser-drill;@latum;@launch-pad;@lead;@links;@liquid-container;@liquid-junction;@liquid-router;@liquid-source;@liquid-tank;@liquid-void;@liquidCapacity;@liquidCount;@locus;@logic-display;@logic-processor;@lustre;@mace;@magmarock;@malign;@malis;@manifold;@maph;@mapw;@mass-driver;@maxHealth;@mech-assembler;@mech-fabricator;@mech-refabricator;@mechanical-drill;@mechanical-pump;@mega;@meltdown;@melter;@memory-bank;@memory-cell;@mend-projector;@mender;@merui;@message;@metaglass;@metal-floor;@metal-floor-2;@metal-floor-3;@metal-floor-4;@metal-floor-5;@metal-floor-damaged;@micro-processor;@mineX;@mineY;@mining;@minke;@minute;@molten-slag;@mono;@moss;@mud;@multi-press;@multiplicative-reconstructor;@name;@naval-factory;@navanax;@neoplasia-reactor;@neoplasm;@nitrogen;@nova;@obviate;@oct;@oil;@oil-extractor;@omura;@ore-beryllium;@ore-coal;@ore-copper;@ore-crystal-thorium;@ore-lead;@ore-scrap;@ore-thorium;@ore-titanium;@ore-tungsten;@ore-wall-beryllium;@ore-wall-thorium;@ore-wall-tungsten;@overdrive-dome;@overdrive-projector;@overflow-duct;@overflow-gate;@oxidation-chamber;@oxide;@oxynoe;@ozone;@parallax;@payload-conveyor;@payload-loader;@payload-mass-driver;@payload-router;@payload-source;@payload-unloader;@payload-void;@payloadCapacity;@payloadCount;@payloadType;@pebbles;@phase-conduit;@phase-conveyor;@phase-fabric;@phase-heater;@phase-synthesizer;@phase-wall;@phase-wall-large;@phase-weaver;@pi;@pine;@plasma-bore;@plastanium;@plastanium-compressor;@plastanium-conveyor;@plastanium-wall;@plastanium-wall-large;@plated-conduit;@pneumatic-drill;@poly;@pooled-cryofluid;@power-node;@power-node-large;@power-source;@power-void;@powerCapacity;@powerNetCapacity;@powerNetIn;@powerNetOut;@powerNetStored;@precept;@prime-refabricator;@progress;@pulsar;@pulse-conduit;@pulverizer;@pur-bush;@pyratite;@pyratite-mixer;@pyrolysis-generator;@quad;@quasar;@quell;@quell-missile;@radToDeg;@radar;@rain;@range;@red-diamond-wall;@red-ice;@red-ice-boulder;@red-ice-wall;@red-stone;@red-stone-boulder;@red-stone-vent;@red-stone-wall;@redmat;@redweed;@regen-projector;@regolith;@regolith-wall;@reign;@reinforced-bridge-conduit;@reinforced-conduit;@reinforced-container;@reinforced-liquid-container;@reinforced-liquid-junction;@reinforced-liquid-router;@reinforced-liquid-tank;@reinforced-message;@reinforced-payload-conveyor;@reinforced-payload-router;@reinforced-pump;@reinforced-surge-wall;@reinforced-surge-wall-large;@reinforced-vault;@remove-ore;@remove-wall;@renale;@repair-point;@repair-turret;@retusa;@rhyolite;@rhyolite-boulder;@rhyolite-crater;@rhyolite-vent;@rhyolite-wall;@ripple;@risso;@rotary-pump;@rotation;@rough-rhyolite;@router;@rtg-generator;@salt;@salt-wall;@salvo;@sand;@sand-boulder;@sand-floor;@sand-wall;@sand-water;@sandstorm;@scathe;@scathe-missile;@scathe-missile-phase;@scathe-missile-surge;@scathe-missile-surge-split;@scatter;@scepter;@scorch;@scrap;@scrap-wall;@scrap-wall-gigantic;@scrap-wall-huge;@scrap-wall-large;@second;@segment;@sei;@separator;@server;@sfx-artillery;@sfx-back;@sfx-bang;@sfx-beam;@sfx-bigshot;@sfx-bioLoop;@sfx-blaster;@sfx-bolt;@sfx-boom;@sfx-break;@sfx-build;@sfx-buttonClick;@sfx-cannon;@sfx-chatMessage;@sfx-click;@sfx-combustion;@sfx-conveyor;@sfx-corexplode;@sfx-cutter;@sfx-door;@sfx-drill;@sfx-drillCharge;@sfx-drillImpact;@sfx-dullExplosion;@sfx-electricHum;@sfx-explosion;@sfx-explosionbig;@sfx-extractLoop;@sfx-fire;@sfx-flame;@sfx-flame2;@sfx-flux;@sfx-glow;@sfx-grinding;@sfx-hum;@sfx-largeCannon;@sfx-largeExplosion;@sfx-laser;@sfx-laserbeam;@sfx-laserbig;@sfx-laserblast;@sfx-lasercharge;@sfx-lasercharge2;@sfx-lasershoot;@sfx-machine;@sfx-malignShoot;@sfx-mediumCannon;@sfx-message;@sfx-mineDeploy;@sfx-minebeam;@sfx-missile;@sfx-missileLarge;@sfx-missileLaunch;@sfx-missileSmall;@sfx-missileTrail;@sfx-mud;@sfx-noammo;@sfx-pew;@sfx-place;@sfx-plantBreak;@sfx-plasmaboom;@sfx-plasmadrop;@sfx-press;@sfx-pulse;@sfx-pulseBlast;@sfx-railgun;@sfx-rain;@sfx-release;@sfx-respawn;@sfx-respawning;@sfx-rockBreak;@sfx-sap;@sfx-shield;@sfx-shockBlast;@sfx-shoot;@sfx-shootAlt;@sfx-shootAltLong;@sfx-shootBig;@sfx-shootSmite;@sfx-shootSnap;@sfx-shotgun;@sfx-smelter;@sfx-spark;@sfx-spellLoop;@sfx-splash;@sfx-spray;@sfx-steam;@sfx-techloop;@sfx-thruster;@sfx-titanExplosion;@sfx-torch;@sfx-tractorbeam;@sfx-unlock;@sfx-wave;@sfx-wind;@sfx-wind2;@sfx-wind3;@sfx-windhowl;@shale;@shale-boulder;@shale-wall;@shallow-water;@sharded;@shield;@shield-projector;@shielded-wall;@ship-assembler;@ship-fabricator;@ship-refabricator;@shock-mine;@shockwave-tower;@shoot;@shootX;@shootY;@shooting;@shootp;@shrubs;@silicon;@silicon-arc-furnace;@silicon-crucible;@silicon-smelter;@size;@slag;@slag-centrifuge;@slag-heater;@slag-incinerator;@small-deconstructor;@small-heat-redirector;@smite;@snow;@snow-boulder;@snow-pine;@snow-wall;@snowing;@solar-panel;@solar-panel-large;@solid;@sorter;@space;@spawn;@spectre;@speed;@spiroct;@spore-cluster;@spore-moss;@spore-pine;@spore-pod;@spore-press;@spore-wall;@sporestorm;@steam-generator;@stell;@stone;@stone-wall;@sublimate;@surge-alloy;@surge-conveyor;@surge-crucible;@surge-router;@surge-smelter;@surge-tower;@surge-wall;@surge-wall-large;@suspend-particles;@swarmer;@switch;@tainted-water;@tank-assembler;@tank-fabricator;@tank-refabricator;@tar;@team;@tecta;@tendrils;@tetrative-reconstructor;@thermal-generator;@this;@thisx;@thisy;@thorium;@thorium-reactor;@thorium-wall;@thorium-wall-large;@thruster;@tick;@time;@timescale;@titan;@titanium;@titanium-conveyor;@titanium-wall;@titanium-wall-large;@totalItems;@totalLiquids;@totalPayload;@totalPower;@toxopid;@tsunami;@tungsten;@tungsten-wall;@tungsten-wall-large;@turbine-condenser;@type;@underflow-duct;@underflow-gate;@unit;@unit-cargo-loader;@unit-cargo-unload-point;@unit-repair-tower;@unitCount;@unloader;@vanquish;@vault;@vela;@velocityX;@velocityY;@vent-condenser;@vibrant-crystal-cluster;@wait;@water;@water-extractor;@wave;@waveNumber;@waveTime;@white-tree;@white-tree-dead;@world-cell;@world-message;@world-processor;@world-switch;@x;@y;@yellow-stone;@yellow-stone-boulder;@yellow-stone-plates;@yellow-stone-vent;@yellow-stone-wall;@yellowcoral;@zenith" ignore_case="false" />
    <keywords3 keywords="ally;ambientLight;announce;any;arc;armor;attackMode;attacker;autoscale;battery;blasted;block;blockDamage;blockFall;blockHealth;boss;bottom;bottomLeft;bottomRight;breakBlock;breakProp;bubble;build;buildCount;buildSpeed;building;burning;center;color;colori;core;coreCount;cross;crossExplosion;currentWaveTime;damaged;distance;drawLayer;drill;drillBig;dropZoneRadius;electrified;endPos;enemy;enemyCoreBuildRadius;explosion;factory;false;floor;flushText;flying;fontSize;freezing;generator;ground;health;hit;hitSquare;item;labelFlags;left;lightBlock;lighting;line;liquid;mapArea;maxHealth;melting;minimap;mission;notify;ore;overdrive;pan;placeBlock;placeBlockSpark;player;playerCount;point;pos;posi;quad;radius;rally;reactor;remove;repair;resupply;right;rotation;rtsMinSquad;rtsMinWeight;sapped;shape;shapeText;shield;shocked;shootBig;shootSmall;smokeBig;smokeCloud;smokeColor;smokePuff;smokeSmall;smokeSquare;smokeSquareBig;solarMultiplier;spark;sparkBig;sparkExplosion;sparkShoot;sparkShootBig;spawn;spore-slowed;stop;storage;stroke;tarred;text;textHeight;texture;textureSize;toast;top;topLeft;topRight;trail;true;turret;unit;unitBuildSpeed;unitCap;unitCost;unitCount;unitDamage;unitHealth;unmoving;uvi;vapor;warn;wave;waveSending;waveSpacing;waveTimer;waves;wet;world;zoom" ignore_case="false" />
  </highlighting>
  <extensionMap>
    <mapping ext="mlog" />
  </extensionMap>
</filetype>