<filetype binary="false" default_extension="mnd" description="Mindcode source file" name="Mindcode">
  <highlighting>
    <options>
      <option name="LINE_COMMENT" value="//" />
      <option name="COMMENT_START" value="/*" />
      <option name="COMMENT_END" value="*/" />
      <option name="HEX_PREFIX" value="0x" />
      <option name="NUM_POSTFIXES" value="" />
      <option name="HAS_BRACES" value="true" />
      <option name="HAS_BRACKETS" value="true" />
      <option name="HAS_PARENS" value="true" />
      <option name="HAS_STRING_ESCAPES" value="true" />
    </options>
    <keywords keywords="allocate;and;break;case;const;continue;def;do;else;elsif;end;false;for;heap;if;in;inline;loop;noinline;not;null;or;out;param;return;stack;then;true;when;while" ignore_case="false" />
    <keywords2 keywords="@additive-reconstructor;@aegires;@afflict;@air;@air-factory;@alpha;@ammo;@ammoCapacity;@anthicus;@antumbra;@arc;@arkycite;@arkycite-floor;@arkyic-boulder;@arkyic-stone;@arkyic-vent;@arkyic-wall;@arkyid;@armored-conveyor;@armored-duct;@atmospheric-concentrator;@atrax;@avert;@barrier-projector;@basalt;@basalt-boulder;@basic-assembler-module;@battery;@battery-large;@beam-link;@beam-node;@beam-tower;@beryllic-boulder;@beryllic-stone;@beryllic-stone-wall;@beryllium;@beryllium-wall;@beryllium-wall-large;@beta;@blast-compound;@blast-door;@blast-drill;@blast-mixer;@bluemat;@boosting;@boulder;@breach;@bridge-conduit;@bridge-conveyor;@bryde;@build-tower;@canvas;@carbide;@carbide-crucible;@carbide-wall;@carbide-wall-large;@carbon-boulder;@carbon-stone;@carbon-vent;@carbon-wall;@char;@chemical-combustion-chamber;@cleroi;@cliff;@cliff-crusher;@coal;@coal-centrifuge;@collaris;@color;@combustion-generator;@command-center;@commanded;@conduit;@config;@configure;@conquer;@constructor;@container;@controlled;@controller;@conveyor;@copper;@copper-wall;@copper-wall-large;@core-acropolis;@core-bastion;@core-citadel;@core-foundation;@core-nucleus;@core-shard;@core-zone;@corvus;@counter;@crater-stone;@crawler;@cryofluid;@cryofluid-mixer;@crystal-blocks;@crystal-cluster;@crystal-floor;@crystal-orbs;@crystalline-boulder;@crystalline-stone;@crystalline-stone-wall;@crystalline-vent;@cultivator;@cyanogen;@cyanogen-synthesizer;@cyclone;@cyerce;@dacite;@dacite-boulder;@dacite-wall;@dagger;@dark-metal;@darksand;@darksand-tainted-water;@darksand-water;@dead;@deconstructor;@deep-tainted-water;@deep-water;@dense-red-stone;@differential-generator;@diffuse;@diode;@dirt;@dirt-wall;@disassembler;@disperse;@disrupt;@distributor;@door;@door-large;@dormant;@duct;@duct-bridge;@duct-router;@duct-unloader;@dune-wall;@duo;@eclipse;@efficiency;@electric-heater;@electrolyzer;@elude;@emanate;@empty;@enabled;@eruption-drill;@evoke;@exponential-reconstructor;@ferric-boulder;@ferric-craters;@ferric-stone;@ferric-stone-wall;@firstItem;@fissile;@flag;@flare;@flux-reactor;@force-projector;@foreshadow;@fortress;@fuse;@gamma;@graphite;@graphite-press;@graphitic-wall;@grass;@ground-factory;@hail;@health;@heat;@heat-reactor;@heat-redirector;@heat-router;@heat-source;@horizon;@hotrock;@hydrogen;@hyper-processor;@ice;@ice-snow;@ice-wall;@illuminator;@impact-drill;@impact-reactor;@impulse-pump;@incinerator;@incite;@interplanetary-accelerator;@inverted-sorter;@item-source;@item-void;@itemCapacity;@junction;@kiln;@lancer;@large-constructor;@large-logic-display;@large-payload-mass-driver;@large-plasma-bore;@large-shield-projector;@laser-drill;@launch-pad;@lead;@legacy-mech-pad;@legacy-unit-factory;@legacy-unit-factory-air;@legacy-unit-factory-ground;@liquid-container;@liquid-junction;@liquid-router;@liquid-source;@liquid-tank;@liquid-void;@liquidCapacity;@locus;@logic-display;@logic-processor;@lustre;@mace;@magmarock;@malign;@mass-driver;@maxHealth;@mech-assembler;@mech-fabricator;@mech-refabricator;@mechanical-drill;@mechanical-pump;@mega;@meltdown;@melter;@memory-bank;@memory-cell;@mend-projector;@mender;@merui;@message;@metaglass;@metal-floor;@metal-floor-damaged;@micro-processor;@mineX;@mineY;@mining;@minke;@minute;@molten-slag;@mono;@moss;@mud;@multi-press;@multiplicative-reconstructor;@name;@naval-factory;@navanax;@neoplasia-reactor;@neoplasm;@nitrogen;@nova;@obviate;@oct;@oil;@oil-extractor;@omura;@ore-crystal-thorium;@ore-wall-beryllium;@ore-wall-thorium;@ore-wall-tungsten;@overdrive-dome;@overdrive-projector;@overflow-duct;@overflow-gate;@oxidation-chamber;@oxide;@oxynoe;@ozone;@parallax;@payload-conveyor;@payload-loader;@payload-mass-driver;@payload-router;@payload-source;@payload-unloader;@payload-void;@payloadCount;@payloadType;@pebbles;@phase-conduit;@phase-conveyor;@phase-fabric;@phase-heater;@phase-synthesizer;@phase-wall;@phase-wall-large;@phase-weaver;@pine;@plasma-bore;@plastanium;@plastanium-compressor;@plastanium-conveyor;@plastanium-wall;@plastanium-wall-large;@plated-conduit;@pneumatic-drill;@poly;@pooled-cryofluid;@power-node;@power-node-large;@power-source;@power-void;@powerCapacity;@powerNetCapacity;@powerNetIn;@powerNetOut;@powerNetStored;@precept;@prime-refabricator;@progress;@pulsar;@pulse-conduit;@pulverizer;@pur-bush;@pyratite;@pyratite-mixer;@pyrolysis-generator;@quad;@quasar;@quell;@radar;@range;@red-diamond-wall;@red-ice;@red-ice-boulder;@red-ice-wall;@red-stone;@red-stone-boulder;@red-stone-vent;@red-stone-wall;@redmat;@redweed;@regen-projector;@regolith;@regolith-wall;@reign;@reinforced-bridge-conduit;@reinforced-conduit;@reinforced-container;@reinforced-liquid-container;@reinforced-liquid-junction;@reinforced-liquid-router;@reinforced-liquid-tank;@reinforced-message;@reinforced-payload-conveyor;@reinforced-payload-router;@reinforced-pump;@reinforced-surge-wall;@reinforced-surge-wall-large;@reinforced-vault;@repair-point;@repair-turret;@retusa;@rhyolite;@rhyolite-boulder;@rhyolite-crater;@rhyolite-vent;@rhyolite-wall;@ripple;@risso;@rotary-pump;@rotation;@rough-rhyolite;@router;@rtg-generator;@salt;@salt-wall;@salvo;@sand;@sand-boulder;@sand-floor;@sand-wall;@sand-water;@scathe;@scatter;@scepter;@scorch;@scrap;@scrap-wall;@scrap-wall-gigantic;@scrap-wall-huge;@scrap-wall-large;@second;@segment;@sei;@separator;@shale;@shale-boulder;@shale-wall;@shallow-water;@shield-projector;@shielded-wall;@ship-assembler;@ship-fabricator;@ship-refabricator;@shock-mine;@shockwave-tower;@shootX;@shootY;@shooting;@shrubs;@silicon;@silicon-arc-furnace;@silicon-crucible;@silicon-smelter;@size;@slag;@slag-centrifuge;@slag-heater;@slag-incinerator;@small-deconstructor;@smite;@snow;@snow-boulder;@snow-pine;@snow-wall;@solar-panel;@solar-panel-large;@sorter;@space;@spawn;@spectre;@speed;@spiroct;@spore;@spore-cluster;@spore-moss;@spore-pine;@spore-pod;@spore-press;@spore-wall;@steam-generator;@stell;@stone;@stone-wall;@sublimate;@surge;@surge-alloy;@surge-conveyor;@surge-crucible;@surge-router;@surge-smelter;@surge-tower;@surge-wall;@surge-wall-large;@swarmer;@switch;@tainted-water;@tank-assembler;@tank-fabricator;@tank-refabricator;@tar;@team;@tecta;@tendrils;@tetrative-reconstructor;@thermal-generator;@thorium;@thorium-reactor;@thorium-wall;@thorium-wall-large;@thruster;@tick;@time;@timescale;@titan;@titanium;@titanium-conveyor;@titanium-wall;@titanium-wall-large;@totalItems;@totalLiquids;@totalPower;@toxopid;@tsunami;@tungsten;@tungsten-wall;@tungsten-wall-large;@turbine-condenser;@type;@underflow-duct;@underflow-gate;@unit;@unit-cargo-loader;@unit-cargo-unload-point;@unit-repair-tower;@unloader;@vanquish;@vault;@vela;@vent-condenser;@vibrant-crystal-cluster;@water;@water-extractor;@wave;@white-tree;@white-tree-dead;@world-cell;@world-message;@world-processor;@x;@y;@yellow-stone;@yellow-stone-boulder;@yellow-stone-plates;@yellow-stone-vent;@yellow-stone-wall;@yellowcoral;@zenith" />
  </highlighting>
  <extensionMap>
    <mapping ext="mnd" />
  </extensionMap>
</filetype>